<keymap version="1" name="Mac OS X 10.5+ copy" parent="Mac OS X 10.5+">
  <action id="$Redo">
    <keyboard-shortcut first-keystroke="meta y" />
  </action>
  <action id="Editor Redo">
    <keyboard-shortcut first-keystroke="meta y" />
  </action>
  <action id="EditorDeleteLine">
    <keyboard-shortcut first-keystroke="meta d" />
  </action>
  <action id="EditorDuplicate">
    <keyboard-shortcut first-keystroke="shift meta d" />
  </action>
  <action id="QuickImplementations">
    <keyboard-shortcut first-keystroke="alt space" />
  </action>
  <action id="RenameElement">
    <keyboard-shortcut first-keystroke="alt f2" />
  </action>
  <action id="RenameFile">
    <keyboard-shortcut first-keystroke="shift alt f2" />
  </action>
  <action id="SwitchApply">
    <keyboard-shortcut first-keystroke="shift alt enter" />
  </action>
  <action id="SwitchDown">
    <keyboard-shortcut first-keystroke="shift alt down" />
  </action>
  <action id="SwitchLeft">
    <keyboard-shortcut first-keystroke="shift alt left" />
  </action>
  <action id="SwitchRight">
    <keyboard-shortcut first-keystroke="shift alt right" />
  </action>
  <action id="SwitchUp">
    <keyboard-shortcut first-keystroke="shift alt up" />
  </action>
</keymap>